x,y,z,mass
6707.142861355213,23792.795206265724,21219.28411089205,0.015737226681674973
6739.5295676375945,23805.826902611363,21189.551309170438,0.015737226681674973
6734.110792737829,23812.19952370842,21231.836537424846,0.015737226681674973
6727.339082627102,23839.338492259674,21234.87186345847,0.015737226681674973
6727.2598194418715,23787.979024776363,21232.424898331366,0.015737226681674973
6712.073726233577,23765.766459589646,21205.824875781793,0.015737226681674973
6690.71592770537,23801.597235763504,21192.658429738432,0.015737226681674973
6734.432956711733,23809.118835469326,21218.803906105906,0.015737226681674973
6746.002085851628,23789.198082402694,21241.778446862238,0.015737226681674973
6714.3518111407575,23810.740679147217,21249.8743850541,0.015737226681674973
6723.656492411468,23808.246879278628,21259.88047726623,0.015737226681674973
6730.578751890993,23829.346758885626,21220.880124859155,0.015737226681674973
6742.39716519587,23835.740959123654,21188.210297386573,0.015737226681674973
6708.928345139166,23832.423152314186,21220.5782727359,0.015737226681674973
6703.474171266385,23837.760740051293,21218.158220152916,0.015737226681674973
6726.688203293817,23797.97417635654,21242.874808547833,0.015737226681674973
6729.285895174583,23793.917049623113,21242.98800851703,0.015737226681674973
6731.1657605658,23799.40624537596,21266.471895358463,0.015737226681674973
6740.768141856373,23778.90939230028,21234.110114191742,0.015737226681674973
6694.609246829343,23841.02750192423,21198.406323356394,0.015737226681674973
6705.2732720820995,23783.710087110252,21245.88770038073,0.015737226681674973
6703.620968866788,23782.11061207128,21249.516746196656,0.015737226681674973
6707.5616851404175,23819.0653083897,21232.717850662306,0.015737226681674973
6745.123401437673,23827.452885310024,21192.161745509835,0.015737226681674973
6713.46599655359,23769.596863383274,21213.009598266253,0.015737226681674973
6718.662326340574,23849.56165651063,21238.224969353865,0.015737226681674973
6691.2808836743,23842.950127098942,21210.52053475034,0.015737226681674973
6708.267984018371,23769.127986261476,21207.920551039926,0.015737226681674973
6756.786445643596,23791.301527465323,21191.973000413564,0.015737226681674973
6681.195564860339,23827.7261880682,21223.65286980683,0.015737226681674973
6718.460501848767,23841.22500744804,21240.78182021771,0.015737226681674973
6722.399414449304,23800.47037929325,21239.728384736212,0.015737226681674973
6715.286058908499,23782.747478107067,21247.551679044733,0.015737226681674973
6700.079566430212,23772.296637759453,21232.99791041399,0.015737226681674973
6738.517645806462,23773.39961352875,21210.945452550273,0.015737226681674973
6763.818701875317,23804.804557913478,21214.767876773803,0.015737226681674973
6715.0582796145,23812.22486313577,21265.34330053701,0.015737226681674973
6743.509930793285,23801.991174451457,21256.83872812726,0.015737226681674973
6711.32216640842,23847.56761766562,21226.457021570342,0.015737226681674973
6696.211826238339,23803.290169066786,21261.041318444142,0.015737226681674973
6724.262989467546,23796.38444491443,21265.29056431786,0.015737226681674973
6693.785671727618,23772.72571252005,21213.196411819656,0.015737226681674973
6723.770090684153,23848.1959367022,21249.18212520273,0.015737226681674973
6744.819736369708,23833.36840381845,21245.290262692084,0.015737226681674973
6731.635690156616,23811.60466999545,21237.724319084893,0.015737226681674973
6687.9617954970545,23783.25749945544,21237.52594055345,0.015737226681674973
6721.117077795631,23805.73512804208,21187.799326115746,0.015737226681674973
6681.818114685028,23816.782098934596,21213.859077376095,0.015737226681674973
6704.58750165848,23850.6082593623,21236.065823643265,0.015737226681674973
6713.698267686333,23782.636695361034,21192.292290402635,0.015737226681674973
6744.7950793996115,23775.255712632304,21227.411530478636,0.015737226681674973
6750.975840907391,23811.909321724845,21250.31044013622,0.015737226681674973
6736.774431584689,23798.81482175437,21240.210489271765,0.015737226681674973
6719.284399448355,23843.990525287765,21201.678689281973,0.015737226681674973
6735.817719087415,23825.60733432901,21197.61304019648,0.015737226681674973
6710.599081774994,23810.301771568265,21181.627127450727,0.015737226681674973
6743.1208441266135,23833.421316584703,21199.246616633736,0.015737226681674973
6742.410755337151,23841.18617940805,21214.61871497715,0.015737226681674973
6726.851243601799,23836.07162240186,21180.8570347378,0.015737226681674973
6734.017245341415,23788.25455097078,21198.10574779003,0.015737226681674973
6709.029681416891,23810.142533882678,21196.07433669481,0.015737226681674973
6716.379871598832,23852.17961395267,21214.202813892472,0.015737226681674973
6748.936953720671,23801.041530904684,21194.47245041934,0.015737226681674973
6744.57253308126,23844.858292189634,21198.561620517063,0.015737226681674973
6694.814717106946,23829.388759244423,21218.78016240449,0.015737226681674973
6722.303730626226,23842.294351966975,21198.137637787226,0.015737226681674973
6720.415925341393,23774.15436949951,21203.895786099045,0.015737226681674973
6733.737661001451,23823.69511589263,21233.516384239494,0.015737226681674973
6736.652650512698,23839.3017821554,21230.58423770238,0.015737226681674973
6761.00297807209,23796.125522719976,21232.883229301195,0.015737226681674973
6691.061189293588,23819.299725108503,21203.30460195691,0.015737226681674973
6771.383628180547,23814.053235585638,21222.164644459295,0.015737226681674973
6718.157513892611,23822.513246106846,21177.040471482982,0.015737226681674973
6694.214033297263,23839.81369256446,21219.57655402129,0.015737226681674973
6694.245324947006,23810.008853198906,21186.331283503387,0.015737226681674973
6739.025259908569,23792.2072427382,21242.04510665258,0.015737226681674973
6714.7139097129475,23823.34853497201,21240.335499076657,0.015737226681674973
6743.983215441889,23799.690403209985,21257.07748986565,0.015737226681674973
6710.992037485567,23846.285034813827,21212.532731619754,0.015737226681674973
6727.541942391895,23827.319052507835,21199.717009819928,0.015737226681674973
6731.14192233617,23848.1683806669,21247.280410539992,0.015737226681674973
6706.291824883277,23817.793489323085,21185.280089858283,0.015737226681674973
6755.365961644434,23788.301052080606,21242.299269791816,0.015737226681674973
6684.702667648933,23799.149716674943,21233.600337031174,0.015737226681674973
6740.583825428112,23841.233064994492,21202.683692283816,0.015737226681674973
6692.805635632133,23792.581365712114,21251.118206065188,0.015737226681674973
6715.40239670832,23852.854696247618,21207.71184662142,0.015737226681674973
6766.56665706706,23812.707661811208,21202.753269934907,0.015737226681674973
6680.317400179884,23800.069578153554,21204.12169810213,0.015737226681674973
6749.08289392948,23794.105958962264,21255.46679795827,0.015737226681674973
6681.872115455317,23818.8777326373,21197.438322199825,0.015737226681674973
6732.545357250032,23840.972088470462,21219.01293919916,0.015737226681674973
6699.533741368248,23830.56777884431,21194.88329507659,0.015737226681674973
6707.7996966333285,23803.223420316943,21258.59390407914,0.015737226681674973
6711.141867484566,23774.066746098142,21210.773900470456,0.015737226681674973
6735.989972024843,23793.194272919984,21260.328863984367,0.015737226681674973
6710.2305975308445,23832.69485161523,21249.422548698927,0.015737226681674973
6729.156253477477,23854.38978084862,21227.608069600297,0.015737226681674973
6736.587474160093,23849.188585917916,21240.312181783975,0.015737226681674973
6726.966816806688,23776.647066262816,21187.91122160926,0.015737226681674973
6750.76172356351,23840.203966159654,21230.197876746726,0.015737226681674973
6755.991969156176,23788.445433049787,21230.463955825355,0.015737226681674973
6685.5103088397855,23797.540687998182,21205.953604289134,0.015737226681674973
6760.920178937765,23820.006295387684,21212.844498429025,0.015737226681674973
6735.740279193167,23775.56560738823,21191.246838551684,0.015737226681674973
6688.6489645879055,23831.477144769455,21221.8270544021,0.015737226681674973
6731.739143945642,23780.00118804179,21245.447405627878,0.015737226681674973
6732.700551884644,23806.35243692702,21243.250833017708,0.015737226681674973
6696.112741779183,23842.853241913723,21222.9067019538,0.015737226681674973
6712.758311347842,23820.327835503864,21179.616674177567,0.015737226681674973
6684.414450327034,23819.862959407335,21243.716945661054,0.015737226681674973
6731.7010962531085,23836.035679152224,21247.276223735076,0.015737226681674973
6756.0809562259465,23835.757061935255,21198.381538691032,0.015737226681674973
6696.486078775844,23801.03119501212,21193.866661506985,0.015737226681674973
6711.563453108738,23785.008095690544,21186.057671541028,0.015737226681674973
6684.847591071234,23785.908108231157,21219.00786828344,0.015737226681674973
6761.403469412683,23817.582109255698,21199.088767493176,0.015737226681674973
6698.332545744834,23786.450497110254,21251.502744099183,0.015737226681674973
6741.611262103956,23852.848207904604,21209.29027345705,0.015737226681674973
6683.503722366639,23817.786910774234,21214.723259133578,0.015737226681674973
6715.913777072837,23773.349432409457,21235.20069402889,0.015737226681674973
6735.118370118854,23812.03923914509,21199.30358392753,0.015737226681674973
6720.968138903768,23855.487575377996,21230.617716219516,0.015737226681674973
6731.6781757844,23854.084747330166,21241.85386556675,0.015737226681674973
6697.190254094972,23805.006272880633,21191.78458234597,0.015737226681674973
6769.891068009899,23809.823962087205,21225.45348947932,0.015737226681674973
6743.891771531209,23770.64353823344,21236.633237867307,0.015737226681674973
6692.5328086325635,23780.16648344096,21198.61192619686,0.015737226681674973
6675.112650689311,23814.683737034327,21225.462632600393,0.015737226681674973
6758.762447034667,23809.38893244101,21235.230891628362,0.015737226681674973
6689.691955894518,23831.769481078074,21240.78229385996,0.015737226681674973
6680.526021573756,23798.09519351098,21238.509576003114,0.015737226681674973
6747.403099743021,23808.93484176498,21257.155125221743,0.015737226681674973
6713.916423938456,23807.020831663667,21259.802343503736,0.015737226681674973
6692.759310131586,23780.13566239373,21241.27614497492,0.015737226681674973
6697.759222290956,23822.20858447069,21260.477918254834,0.015737226681674973
6719.223494651808,23769.9450745038,21238.404398047653,0.015737226681674973
6695.171033031635,23796.9020152366,21252.551587250324,0.015737226681674973
6759.569916112002,23797.703587401495,21211.401742172355,0.015737226681674973
6680.40348768703,23807.806137470023,21245.051333007465,0.015737226681674973
6713.726611639578,23816.138425815137,21224.175323104086,0.015737226681674973
6691.9402792474475,23789.924230742366,21242.336630797003,0.015737226681674973
6723.501744983488,23810.879258994628,21221.586468896636,0.015737226681674973
6722.049052628814,23810.271528727368,21222.587417354738,0.015737226681674973
6722.407733197857,23809.80140339629,21221.070279595584,0.015737226681674973
6723.026424027868,23811.078655359695,21219.716620163297,0.015737226681674973
6723.837663107404,23809.308896986277,21222.000332709067,0.015737226681674973
6723.188239030005,23810.010184545532,21221.953555855394,0.015737226681674973
6724.263504849129,23810.571909258586,21220.771161679066,0.015737226681674973
6724.048339712212,23810.021680668284,21220.065165784858,0.015737226681674973
6723.184345489094,23810.489007564396,21220.66518727141,0.015737226681674973
6723.414320115906,23812.10604059771,21223.197401878253,0.015737226681674973
6723.537061312558,23810.270334456687,21221.7812150121,0.015737226681674973
6721.561493235897,23809.94814183941,21223.802828204833,0.015737226681674973
6720.994213930869,23809.783693655136,21220.19842437392,0.015737226681674973
6723.391560463725,23810.818424981986,21223.139035016713,0.015737226681674973
6720.82959532535,23809.705893356764,21219.803280726836,0.015737226681674973
6721.673632385262,23811.05206963263,21223.562242943513,0.015737226681674973
6722.160636332725,23812.319849307612,21222.08739602309,0.015737226681674973
6723.653199440726,23810.516818333123,21219.597572625138,0.015737226681674973
6724.882588346822,23807.69755050163,21220.843653113614,0.015737226681674973
6725.304492331094,23812.458674083573,21219.094090686827,0.015737226681674973
6722.833348480765,23808.924131597178,21221.275066412058,0.015737226681674973
6721.489032007952,23808.752618379825,21220.800922996896,0.015737226681674973
6725.553390595028,23807.48733274684,21220.43144759487,0.015737226681674973
6725.7032320346125,23810.860861171146,21219.763831530923,0.015737226681674973
6722.863206999013,23812.02189433392,21221.20025172895,0.015737226681674973
6721.888719429609,23807.42253184576,21221.193999977906,0.015737226681674973
6722.323582023306,23810.47409095501,21220.46699082016,0.015737226681674973
6722.648351108418,23810.345004523024,21218.142079069385,0.015737226681674973
6723.7172889807625,23810.528048522,21222.48071471802,0.015737226681674973
6725.107677558458,23807.246962056026,21222.805741604403,0.015737226681674973
6726.309864871974,23810.821473497574,21217.960982252323,0.015737226681674973
6724.652989206789,23814.264076030297,21221.811600887326,0.015737226681674973
6723.962749399991,23812.963872199427,21223.47738036104,0.015737226681674973
6720.748144008455,23809.98499179309,21218.658691905657,0.015737226681674973
6722.856295752008,23809.163566063136,21221.68126772921,0.015737226681674973
6722.503429349642,23810.51942385832,21223.45584383914,0.015737226681674973
6718.916111271912,23812.119453408755,21219.517181757717,0.015737226681674973
6722.293411595618,23810.217688082506,21222.91204169135,0.015737226681674973
6725.479083073611,23809.54044628046,21221.558098042216,0.015737226681674973
6725.249847975497,23813.07804530029,21224.156738287675,0.015737226681674973
6722.146962954527,23813.78921199639,21221.496487014276,0.015737226681674973
6724.965539967708,23807.278604309526,21217.682644841156,0.015737226681674973
6720.298963394219,23814.491630391152,21219.450553268525,0.015737226681674973
6724.426189666438,23813.63805037549,21223.450621009026,0.015737226681674973
6726.034530442453,23808.638341387956,21220.093092155603,0.015737226681674973
6723.87123124733,23810.22396380159,21225.50000620056,0.015737226681674973
6722.653631278592,23809.582854316228,21217.150186259616,0.015737226681674973
6722.587854483642,23810.902809925137,21220.293166973643,0.015737226681674973
6719.30544166811,23811.904664603324,21221.61006941982,0.015737226681674973
6719.346139748391,23810.367616621574,21219.85620747731,0.015737226681674973
6724.05721659787,23813.020910286537,21223.57334869944,0.015737226681674973
6725.454920989317,23810.679951489867,21218.708738703746,0.015737226681674973
6723.840878026855,23807.607452462467,21221.24969210748,0.015737226681674973
6727.40962249825,23806.393298651376,21221.90925315207,0.015737226681674973
6724.762785069617,23808.71742105851,21217.288692129612,0.015737226681674973
6727.722888370748,23813.442117945156,21220.18052371811,0.015737226681674973
6722.120869872641,23811.65862658065,21221.02433651662,0.015737226681674973
6720.6841683215225,23808.363957431928,21222.860527151333,0.015737226681674973
6723.616551767821,23813.861120429865,21223.293973205567,0.015737226681674973
6720.969029446732,23814.637816661565,21220.269670639074,0.015737226681674973
6722.293623555679,23812.45928787053,21218.81679662936,0.015737226681674973
6722.362424826872,23815.034053158735,21218.41345492534,0.015737226681674973
6724.6027867814255,23811.481366004722,21221.56439397823,0.015737226681674973
6724.170369759607,23807.717012781744,21222.880039344836,0.015737226681674973
6723.0013220870305,23813.802589934552,21226.56318717948,0.015737226681674973
6724.676235068688,23816.722327470547,21219.5410678253,0.015737226681674973
6725.552804970024,23815.31802805135,21225.603454074037,0.015737226681674973
6722.972963538087,23814.560546138062,21221.18307607305,0.015737226681674973
6723.231193398685,23809.884493398466,21225.329770927132,0.015737226681674973
6720.636777842209,23812.686462058962,21220.291111538067,0.015737226681674973
6726.50911460171,23814.726666960356,21218.734520924452,0.015737226681674973
6721.391369576569,23814.783698248044,21219.30371259583,0.015737226681674973
6724.509324631928,23807.331489163524,21220.55394479588,0.015737226681674973
6724.041874511454,23817.27071292296,21219.484386959863,0.015737226681674973
6720.906354020401,23810.58335384372,21218.51019472059,0.015737226681674973
6729.278868980514,23810.959974349327,21220.639740841558,0.015737226681674973
6726.984194634467,23813.370722170956,21224.72221362545,0.015737226681674973
6728.220814169032,23814.035324032284,21225.4556457313,0.015737226681674973
6725.577546537503,23811.825100922753,21216.546598687168,0.015737226681674973
6723.954113951305,23808.774606958497,21225.94030838264,0.015737226681674973
6717.126401031402,23809.19671037779,21225.706508580774,0.015737226681674973
6718.379994379382,23807.364691495255,21221.664565433308,0.015737226681674973
6725.705369429136,23808.83211909223,21226.4982177406,0.015737226681674973
6726.982745834078,23813.32934622742,21225.43187142713,0.015737226681674973
6723.241322534706,23813.144841480225,21225.480100978184,0.015737226681674973
6718.287265017128,23816.854561328728,21225.339129970132,0.015737226681674973
6724.802049671135,23812.4147646281,21223.69872198416,0.015737226681674973
6723.813342288374,23812.798440047136,21226.08570629141,0.015737226681674973
6721.6924099357775,23806.6532679105,21220.746018228892,0.015737226681674973
6724.013687941086,23819.108695514657,21220.37648514066,0.015737226681674973
6724.079051716002,23805.906207348246,21220.423940964803,0.015737226681674973
6719.199659861812,23811.686397839218,21219.100779536424,0.015737226681674973
6723.591217384675,23808.690545090085,21224.85105785205,0.015737226681674973
6720.131747582325,23810.944602732736,21214.80627067633,0.015737226681674973
6721.011302899555,23808.01358144275,21220.37473335512,0.015737226681674973
6723.310908616079,23815.095486063412,21214.47845973938,0.015737226681674973
6721.289244054371,23816.490531627074,21222.835537665786,0.015737226681674973
6722.001174209275,23813.24521495052,21225.806299670676,0.015737226681674973
6723.057711476643,23808.126160464162,21224.997354320418,0.015737226681674973
6721.809328642311,23812.44526700382,21226.236831571758,0.015737226681674973
6728.854174382681,23815.499598365528,21223.262578102655,0.015737226681674973
6723.825487731002,23805.158226221876,21225.204239368188,0.015737226681674973
6724.929440107048,23805.656084450795,21217.503469141666,0.015737226681674973
6723.152371787032,23818.623443434048,21225.776169177985,0.015737226681674973
6721.975010453306,23813.77785628121,21221.46159635856,0.015737226681674973
6729.540658344848,23813.96745418545,21222.339287715313,0.015737226681674973
6724.838948225812,23809.704706683005,21217.861382400883,0.015737226681674973
6718.019921968203,23812.604747272144,21224.02434311291,0.015737226681674973
6726.703356270324,23810.068857366336,21212.470019744007,0.015737226681674973
6719.8102277753605,23817.91009477704,21221.242146385262,0.015737226681674973
6729.374650242752,23805.857708735828,21223.476090628123,0.015737226681674973
6722.034910463267,23813.398456988194,21217.16654523425,0.015737226681674973
6725.374625326851,23808.905019284575,21218.24499902019,0.015737226681674973
6724.39664998131,23817.460785870622,21223.024759625976,0.015737226681674973
6722.869067900268,23820.39561374784,21227.03533800396,0.015737226681674973
6728.9886223096155,23804.43744603717,21221.14763902823,0.015737226681674973
6714.270661515717,23811.83321974241,21218.879923967776,0.015737226681674973
6726.07746953009,23819.445023366872,21217.065918297485,0.015737226681674973
6720.255590630722,23815.71339742044,21214.928063605617,0.015737226681674973
6727.164331132462,23813.007901674762,21229.66128146987,0.015737226681674973
6721.969988086271,23818.947347073612,21225.953306796575,0.015737226681674973
6728.5309374852895,23812.669934540412,21221.00163016739,0.015737226681674973
6717.585680778424,23804.038406023337,21215.412858853655,0.015737226681674973
6724.170236475316,23813.36415650259,21222.58857872031,0.015737226681674973
6732.9086896630115,23809.956255746092,21221.41898377172,0.015737226681674973
6711.723255350606,23810.475439764443,21218.16670683667,0.015737226681674973
6721.8778081741775,23815.977702257314,21220.559035636936,0.015737226681674973
6723.848358989116,23818.161501615406,21227.940655706374,0.015737226681674973
6728.3205082736595,23808.256651616015,21216.666927484992,0.015737226681674973
6725.335044600911,23801.601290798135,21224.1625289778,0.015737226681674973
6727.603695483991,23819.745105301787,21218.241790276137,0.015737226681674973
6731.893736983206,23808.023051237542,21222.043063165704,0.015737226681674973
6719.78565311923,23814.354746469526,21215.425522341906,0.015737226681674973
6716.626483913337,23812.914946543428,21226.942694362384,0.015737226681674973
6720.171900272301,23807.814168468165,21222.755470064185,0.015737226681674973
6723.663098022652,23810.184320856177,21215.766436469406,0.015737226681674973
6728.392813113454,23805.946945701053,21223.054150629676,0.015737226681674973
6720.294326305398,23800.65034473564,21218.412407268966,0.015737226681674973
6725.3611920217645,23803.049313922995,21229.720162117046,0.015737226681674973
6720.051976478572,23814.59684519014,21213.626364248412,0.015737226681674973
6726.309411688433,23806.221339466978,21208.675801590936,0.015737226681674973
6715.833554261597,23814.416090185478,21212.484163792982,0.015737226681674973
6725.045595994977,23817.10393275795,21222.898600806253,0.015737226681674973
6729.432991430775,23816.091333212906,21229.325549202287,0.015737226681674973
6725.096473746179,23816.531754579002,21226.105428628172,0.015737226681674973
6729.224807613613,23809.522601835284,21230.526366235692,0.015737226681674973
6731.628618679428,23806.316285240773,21218.10443109434,0.015737226681674973
6724.789367882706,23807.92358662217,21213.299933975926,0.015737226681674973
6730.065456469438,23821.016919806858,21219.75001081369,0.015737226681674973
6717.216830330029,23805.32113075398,21214.740720375372,0.015737226681674973
6725.794412832888,23811.32566823595,21211.32066995123,0.015737226681674973
6721.135070446999,23812.727865652352,21229.255158929107,0.015737226681674973
6725.04241018975,23820.86709605183,21225.708843426462,0.015737226681674973
6724.372026664826,23800.0181890978,21228.420072993278,0.015737226681674973
6719.090855169775,23810.843065138524,21227.505654203276,0.015737226681674973
6726.46136407214,23822.558242631065,21212.935535489487,0.015737226681674973
6725.739399055744,23820.907028161877,21216.445904996053,0.015737226681674973
6725.576301851228,23803.734753864668,21232.273695116433,0.015737226681674973
6710.805826388327,23810.874937789835,21216.86929354873,0.015737226681674973
6727.483601304528,23810.25704650057,21209.749901057257,0.015737226681674973
6725.048262283873,23806.24298359311,21221.68637509796,0.015737226681674973
6721.125798885149,23802.029336410567,21220.92937917446,0.015737226681674973
6736.68986823168,23808.79656209435,21216.085934950734,0.015737226681674973
6728.505300375664,23799.381094529203,21218.651507282873,0.015737226681674973
6723.801541642702,23820.815621011752,21230.325979805973,0.015737226681674973
6722.921865247845,23824.264781499565,21216.057888978503,0.015737226681674973
6721.842756807724,23805.216898147963,21221.112269358953,0.015737226681674973
6722.520484882647,23815.86047597059,21218.25244929021,0.015737226681674973
6710.365056378308,23811.814113594788,21224.95577069745,0.015737226681674973
6724.464074638758,23807.92242357739,21206.666673620275,0.015737226681674973
6715.92064081543,23812.695811660487,21218.86619489959,0.015737226681674973
6720.382236074399,23821.7685471458,21220.023538549023,0.015737226681674973
6719.662903386132,23796.13924707227,21217.834530945576,0.015737226681674973
6736.977658697765,23810.05750376066,21229.584661611163,0.015737226681674973
6731.2278181829315,23811.10373112752,21213.525033051366,0.015737226681674973
6728.554702127807,23817.083813605434,21212.531040935926,0.015737226681674973
6724.761782328488,23804.276543454787,21228.525826525394,0.015737226681674973
6713.9307616913065,23801.893558740943,21211.133136361135,0.015737226681674973
6729.3827594876675,23802.489350159187,21225.11005452002,0.015737226681674973
6711.158332800638,23813.37467548793,21208.9838387514,0.015737226681674973
6718.51035969978,23807.378416254964,21227.54556077024,0.015737226681674973
6719.6407638124165,23814.32474870062,21227.980542414403,0.015737226681674973
6721.495173603999,23799.856675639745,21214.253643110143,0.015737226681674973
6726.788753667065,23809.177190161077,21218.94196273688,0.015737226681674973
6739.942496404728,23810.51814170518,21221.961676384934,0.015737226681674973
6726.5084539656245,23811.72323477766,21225.419856320048,0.015737226681674973
6713.184654084542,23820.866527472746,21224.20072702927,0.015737226681674973
6708.714795409386,23819.70850701642,21221.608852856578,0.015737226681674973
6719.364055539338,23799.9441596223,21221.709811876815,0.015737226681674973
6728.271694830985,23816.065466252854,21206.379885730723,0.015737226681674973
6725.775195878828,23806.50603816022,21219.4662321127,0.015737226681674973
6728.646693731467,23803.8302120047,21215.49912583114,0.015737226681674973
6717.813905104289,23811.176485760567,21226.80341798098,0.015737226681674973
6728.897712334375,23799.899052339257,21230.029085532344,0.015737226681674973
6722.374873275321,23819.494936426196,21234.66034375277,0.015737226681674973
6718.781492765713,23826.335061202542,21219.620234289774,0.015737226681674973
6722.525334676839,23818.110525092132,21207.666228215632,0.015737226681674973
6730.682986204689,23807.900455035182,21214.176361372593,0.015737226681674973
6734.995345358175,23813.53336289904,21210.1984862863,0.015737226681674973
6715.154839301159,23817.66582736251,21223.39045239629,0.015737226681674973
6710.267425122899,23802.45729820709,21214.477058747292,0.015737226681674973
6704.118498816913,23814.325213785578,21221.282475699205,0.015737226681674973
6711.736022213645,23808.353182716626,21235.927900780207,0.015737226681674973
6712.110252669098,23818.927506670032,21226.62256595343,0.015737226681674973
6718.382345000696,23803.535349002832,21220.634662503882,0.015737226681674973
6726.018450989788,23825.79871523906,21215.062839912967,0.015737226681674973
6716.3821183200225,23806.187373930512,21215.093915727393,0.015737226681674973
6720.120454863298,23812.5657855841,21209.715760614334,0.015737226681674973
6709.567968391215,23806.658978008123,21220.477575612076,0.015737226681674973
6715.243539391244,23820.038878082036,21224.431438832202,0.015737226681674973
6715.329859183525,23800.704211380835,21215.609141175322,0.015737226681674973
6712.709316237365,23797.758113776632,21226.282643927916,0.015737226681674973
6712.978722979952,23806.922497581105,21231.44907776582,0.015737226681674973
6730.63891984017,23824.433184982343,21216.374166499383,0.015737226681674973
6727.646242861328,23807.11725592159,21216.83839510872,0.015737226681674973
6719.055603404946,23804.043505869988,21221.532359899084,0.015737226681674973
6714.198483965151,23802.78866339991,21226.80943359405,0.015737226681674973
6714.844953424176,23808.673614856307,21229.172704497647,0.015737226681674973
6722.670318375026,23827.38165164625,21224.97576129951,0.015737226681674973
6727.565975215206,23808.51259756043,21216.145176119186,0.015737226681674973
6726.958152801315,23813.036136076902,21231.421786413495,0.015737226681674973
6732.5833785846835,23817.771220578303,21228.003201266394,0.015737226681674973
6733.261522548789,23798.32781531712,21210.316619359288,0.015737226681674973
6721.865133271268,23795.975332115493,21212.44551688811,0.015737226681674973
6732.229251805612,23804.828464151553,21235.387960356496,0.015737226681674973
6720.817889414326,23796.86883959944,21222.410943437782,0.015737226681674973
6722.436055410642,23815.15618812849,21225.168614575803,0.015737226681674973
6716.7885733692465,23801.535802781396,21228.8855562519,0.015737226681674973
6715.016604209667,23818.702445884017,21220.26854358165,0.015737226681674973
6722.941499758945,23806.03645786163,21233.3323344277,0.015737226681674973
6726.93252694636,23814.40897269993,21209.10303447739,0.015737226681674973
6711.10974791663,23806.59921108351,21229.817112474248,0.015737226681674973
6716.500647561103,23826.37233975996,21209.5332733585,0.015737226681674973
6720.586315371003,23795.562162283084,21210.018646820143,0.015737226681674973
6719.300942393674,23798.64842238508,21216.993185305444,0.015737226681674973
6726.82580378705,23803.871951399557,21218.48062771171,0.015737226681674973
6720.281547735847,23827.684329699765,21217.717780653442,0.015737226681674973
6715.889124489829,23812.16734391657,21213.811111643015,0.015737226681674973
6728.831200970222,23822.700655683217,21207.69361237181,0.015737226681674973
6722.397407379473,23814.52950730162,21223.297189904453,0.015737226681674973
6714.633747454893,23821.316910457837,21203.86657504075,0.015737226681674973
6728.417484828784,23816.589540491987,21215.616233885565,0.015737226681674973
6712.777799159652,23799.54427938351,21225.18242470412,0.015737226681674973
6718.923719716251,23801.190648392396,21236.508508691186,0.015737226681674973
6719.924548697002,23812.095690499653,21226.746743992102,0.015737226681674973
6727.678233437794,23804.24525740455,21207.883557065663,0.015737226681674973
6740.2435821295485,23813.027472464702,21214.16592504851,0.015737226681674973
6710.149250402052,23800.74772882873,21211.898448679036,0.015737226681674973
6715.188556453312,23807.398891442186,21216.51005429286,0.015737226681674973
6740.014230055703,23810.06878429451,21224.23666662075,0.015737226681674973
6704.073788006355,23814.92395784002,21228.235880924003,0.015737226681674973
6731.295102996433,23818.12816582152,21231.095861025995,0.015737226681674973
6709.105256703463,23804.241361863915,21236.086149072507,0.015737226681674973
6733.558249720363,23808.175072794573,21221.482953555213,0.015737226681674973
6713.894629146981,23813.24002522551,21215.66116373311,0.015737226681674973
6711.41873770029,23802.9198807201,21212.543075856604,0.015737226681674973
6707.991624493054,23817.98867875822,21224.521998986645,0.015737226681674973
6717.171360725834,23824.513635960026,21231.460847815622,0.015737226681674973
6739.893191132088,23809.388971449844,21224.23991685012,0.015737226681674973
6722.708574603008,23809.921804272555,21209.66230895413,0.015737226681674973
6719.8738686038,23805.484762459724,21242.328776681312,0.015737226681674973
6727.384691439321,23817.437126135,21234.029901656548,0.015737226681674973
6731.091157043985,23806.86194639774,21230.048982662505,0.015737226681674973
6718.064634431324,23833.213389809676,21215.216426676725,0.015737226681674973
6728.134264041162,23803.61871914017,21220.647967952747,0.015737226681674973
6731.940547941108,23796.64877403624,21228.77313368958,0.015737226681674973
6714.197479011865,23824.664511851195,21207.978209137847,0.015737226681674973
6725.497871209472,23807.851590516228,21210.87329187533,0.015737226681674973
6727.604849341928,23815.521251866656,21203.844123750452,0.015737226681674973
6739.495464281297,23812.20412109878,21227.892506375083,0.015737226681674973
6725.248227655507,23825.259056993298,21213.919262249266,0.015737226681674973
6729.656263717428,23800.383260405488,21220.77012008207,0.015737226681674973
6713.99402840015,23816.320181170642,21209.530925878582,0.015737226681674973
6729.064460141481,23810.44903330153,21235.651569066133,0.015737226681674973
6734.550081224953,23804.770940770286,21227.81862955392,0.015737226681674973
6741.105899574222,23796.56712146059,21223.89684943882,0.015737226681674973
6712.412319233867,23804.07286507019,21236.10673988522,0.015737226681674973
6729.515406098112,23794.07733126515,21220.42220472217,0.015737226681674973
6734.116243845266,23795.662620034844,21235.3734376901,0.015737226681674973
6714.804128142577,23816.626340810224,21218.401966926845,0.015737226681674973
6717.1516284293275,23820.815851572894,21234.15421922644,0.015737226681674973
6720.629105783436,23812.579130972008,21214.805601189062,0.015737226681674973
6721.877846380812,23796.325433785212,21205.42382104527,0.015737226681674973
6718.973886156999,23805.276797131268,21230.205936347622,0.015737226681674973
6711.16256547743,23807.433076517664,21241.202577226675,0.015737226681674973
6720.105114356718,23808.942626286916,21219.248988916475,0.015737226681674973
6736.460174464015,23812.058566391384,21208.115374743727,0.015737226681674973
6738.085579146269,23801.168248464634,21215.0206281002,0.015737226681674973
6709.734345996083,23827.437526399248,21228.161178207534,0.015737226681674973
6723.86832302828,23803.26270410953,21215.63441430917,0.015737226681674973
6734.759943217375,23802.248591999083,21211.615488633393,0.015737226681674973
6710.72772389114,23826.50675720523,21224.271349861854,0.015737226681674973
6736.686486882392,23803.94761525037,21201.583083863094,0.015737226681674973
6739.253816257057,23829.47980135143,21218.77720205082,0.015737226681674973
6726.503339569571,23810.12955659076,21226.134647728784,0.015737226681674973
6721.74693647136,23809.542065475758,21216.797422575724,0.015737226681674973
6724.620818856195,23824.945788247493,21211.273755379538,0.015737226681674973
6714.268793220157,23812.89937443752,21215.249740617503,0.015737226681674973
6709.749721075201,23813.845210023734,21242.242707763646,0.015737226681674973
6714.393487476969,23815.86809144493,21216.288237905643,0.015737226681674973
6709.982369292587,23812.830967538575,21207.546216197723,0.015737226681674973
6729.709680976019,23814.489127309876,21214.894099782367,0.015737226681674973
6748.374338134068,23810.918289035366,21225.441185978772,0.015737226681674973
6712.188653934131,23826.73299536152,21209.053911283263,0.015737226681674973
6717.226101656684,23809.241779387346,21219.207970111005,0.015737226681674973
6740.9334794539245,23814.623369366498,21219.133239769435,0.015737226681674973
6728.3811826503525,23793.339138531708,21211.667612566398,0.015737226681674973
6730.601438097449,23813.295321104295,21209.18078498652,0.015737226681674973
6727.891642697206,23802.776882652222,21241.981545254464,0.015737226681674973
6732.51163216516,23832.78827668178,21215.772375764333,0.015737226681674973
6705.333201010029,23814.649621768087,21220.197147499755,0.015737226681674973
6735.952219169466,23809.98252842046,21232.683412149603,0.015737226681674973
6716.077689106184,23797.81798660931,21231.127580586868,0.015737226681674973
6713.915055603409,23826.001631502684,21207.135941433262,0.015737226681674973
6720.000487982538,23810.96887465451,21224.02054399787,0.015737226681674973
6703.361882869099,23807.951267081884,21216.640910184848,0.015737226681674973
6728.406296322151,23795.16032505655,21205.389799201763,0.015737226681674973
6709.77525459527,23817.614174595547,21223.536984708746,0.015737226681674973
6736.767793496159,23825.269266475476,21221.83509362458,0.015737226681674973
6731.408351328862,23838.00295515115,21219.827501426425,0.015737226681674973
6716.807888987438,23796.76586692432,21236.230365537634,0.015737226681674973
6699.919914323611,23798.65407549099,21215.48219390191,0.015737226681674973
6721.558359225845,23805.537895960733,21237.884953654717,0.015737226681674973
6734.339501756349,23799.18912006793,21219.52547420039,0.015737226681674973
6723.630087333741,23826.015056245113,21207.791713250794,0.015737226681674973
6723.048371364022,23813.395709697208,21237.708281666535,0.015737226681674973
6714.040287038194,23802.674810468656,21213.67637863396,0.015737226681674973
6713.174282140968,23833.543289231293,21223.36461446667,0.015737226681674973
6714.896631105807,23812.826545248052,21222.49372139915,0.015737226681674973
6732.180252805623,23806.05117023013,21241.531021495255,0.015737226681674973
6744.681983540599,23811.796422022813,21227.84174563133,0.015737226681674973
6736.229463308922,23826.830342701745,21205.552046959423,0.015737226681674973
6708.085272805172,23809.847602444366,21220.714290742133,0.015737226681674973
6728.469401845527,23802.608302561355,21242.526172615064,0.015737226681674973
6738.260232977732,23822.025507285685,21210.34762167587,0.015737226681674973
6732.699485457514,23806.985256014326,21222.446007704773,0.015737226681674973
6704.144905716721,23807.05035118469,21227.326402394905,0.015737226681674973
6705.511041131963,23822.590334905046,21224.50538736347,0.015737226681674973
6721.534380271203,23822.7103393783,21216.945261938963,0.015737226681674973
6719.768712556433,23820.287000981767,21226.130629481195,0.015737226681674973
6724.128235951522,23816.17315525402,21202.5123861393,0.015737226681674973
6727.370373977324,23803.274958297352,21211.987157240095,0.015737226681674973
6734.641664482699,23800.517883873392,21209.403556230638,0.015737226681674973
6729.364751637854,23830.205406279143,21225.941358089036,0.015737226681674973
6738.510303830858,23829.462875169116,21220.106918945487,0.015737226681674973
6726.864286127025,23799.47991237927,21230.569709181356,0.015737226681674973
6740.582374911249,23802.78347166406,21223.591858910026,0.015737226681674973
6708.843005100444,23810.693349925717,21229.931230548915,0.015737226681674973
6738.8780073407315,23814.355354152296,21218.938474076178,0.015737226681674973
6711.6642041740015,23813.09790124949,21239.50567657504,0.015737226681674973
6732.019599555917,23790.611253672832,21205.089303619938,0.015737226681674973
6713.29129347951,23791.721586984273,21210.656175185322,0.015737226681674973
6717.2332130065615,23815.773480004846,21197.831589462465,0.015737226681674973
6708.496746273234,23819.16726665603,21218.52273527388,0.015737226681674973
6727.09251225412,23830.90645335144,21211.469871941725,0.015737226681674973
6693.882152145657,23813.44359920147,21224.04194691682,0.015737226681674973
6729.397982454841,23822.996219342192,21219.434381678915,0.015737226681674973
6747.280534026511,23800.611718868684,21222.119665380036,0.015737226681674973
6709.5417056302185,23811.960958940937,21227.21680081461,0.015737226681674973
6735.2742456492515,23797.0826174072,21229.886464649124,0.015737226681674973
6730.639061085699,23796.778161372484,21235.577310981407,0.015737226681674973
6715.529387697641,23817.816670769353,21199.607738805113,0.015737226681674973
6739.006771019002,23799.50843907835,21218.54140183069,0.015737226681674973
6717.1436681922105,23790.607809665238,21231.582049932542,0.015737226681674973
6734.6813689469745,23804.31180166549,21243.54073900406,0.015737226681674973
6723.708421616451,23831.84086684965,21209.846499380725,0.015737226681674973
6719.835579565365,23787.535348740017,21233.194384112674,0.015737226681674973
6722.919865290281,23814.867694272467,21232.774385290086,0.015737226681674973
6731.968818209932,23823.139022206327,21226.987054836634,0.015737226681674973
6702.117736451212,23813.056768406757,21205.681494803735,0.015737226681674973
6721.847979547275,23804.081263548465,21214.12468532007,0.015737226681674973
6741.033196727543,23826.157484602543,21218.149670209357,0.015737226681674973
6724.965686945163,23802.63325803067,21233.855748304286,0.015737226681674973
6698.8974754615865,23808.61531191547,21209.73595536116,0.015737226681674973
6726.809476292413,23836.122674166138,21221.751070176957,0.015737226681674973
6740.772635003859,23819.20161807292,21223.916009624605,0.015737226681674973
6722.9867902972255,23820.954603703725,21198.939433190913,0.015737226681674973
6708.200161281854,23794.780303189986,21206.2616301757,0.015737226681674973
6737.630698817857,23805.123711194978,21227.60301549664,0.015737226681674973
6699.71615838244,23812.77295232384,21205.555154431302,0.015737226681674973
6737.628181818997,23824.705041009718,21213.214408314692,0.015737226681674973
6748.076437371401,23795.010483116224,21221.1563590842,0.015737226681674973
6702.331992233748,23807.25630263989,21238.43612864233,0.015737226681674973
6708.801487421079,23823.49488327365,21229.857157317292,0.015737226681674973
6708.836363164053,23823.859274170565,21238.798528846422,0.015737226681674973
6719.252837948092,23827.289887529063,21224.0954733017,0.015737226681674973
6727.85305151536,23785.68054298368,21205.011413419994,0.015737226681674973
6748.590644519234,23827.730265008995,21215.68079035174,0.015737226681674973
6723.5355721758115,23783.594881027755,21223.125641663395,0.015737226681674973
6721.799213179968,23803.107560336604,21206.875438056177,0.015737226681674973
6741.165190211222,23807.081061761597,21205.89620527045,0.015737226681674973
6721.76556217697,23794.5727632908,21202.20649158685,0.015737226681674973
6730.236047980625,23822.32424625714,21231.632590385147,0.015737226681674973
6700.845567800975,23816.45359828308,21224.6467648264,0.015737226681674973
6722.288244507774,23803.010216957107,21206.97932259804,0.015737226681674973
6712.325449725261,23797.12014237512,21227.599547188027,0.015737226681674973
6718.374981862612,23829.768865498037,21210.704514010766,0.015737226681674973
6706.707716028113,23823.157908952297,21205.331293430325,0.015737226681674973
6714.50401930366,23798.684714072824,21202.1065130345,0.015737226681674973
6725.2172287121675,23799.40612916824,21213.61621011877,0.015737226681674973
6729.69265235308,23832.358847348183,21213.558527480163,0.015737226681674973
6743.710554299651,23818.611419277702,21231.609801412258,0.015737226681674973
6739.849668261077,23828.34644897518,21226.06949792475,0.015737226681674973
6741.985266541895,23803.576081244326,21235.586822797843,0.015737226681674973
6745.148596692007,23796.4013580871,21229.855057518846,0.015737226681674973
6713.433108349063,23809.337325564586,21216.333185820367,0.015737226681674973
6710.404256368704,23809.830160469603,21205.546788912314,0.015737226681674973
6720.960682359006,23823.38164633266,21218.496046427455,0.015737226681674973
6736.061077667777,23821.351150832463,21223.015532081838,0.015737226681674973
6741.601378132873,23792.88491274043,21227.65546478725,0.015737226681674973
6728.4125458886765,23814.7454339213,21223.060723700157,0.015737226681674973
6728.0273665078685,23816.142776139022,21224.25869626554,0.015737226681674973
6721.800603454862,23805.25640634407,21244.162167935592,0.015737226681674973
6734.542686306296,23797.559221058924,21230.80746007697,0.015737226681674973
6733.2270551407855,23818.743780370318,21223.68688176168,0.015737226681674973
6696.800984265334,23812.762191471527,21215.870414171608,0.015737226681674973
6734.661708185689,23812.23580597277,21200.806936864574,0.015737226681674973
6713.690386094432,23832.16061459296,21200.256333782727,0.015737226681674973
6723.317654672881,23810.874785074953,21218.286225908618,0.015737226681674973
6736.461523640711,23822.17479508958,21240.993836373516,0.015737226681674973
6738.77029085648,23831.41393928674,21237.10663683077,0.015737226681674973
6730.996915459928,23836.88050983541,21219.850795178652,0.015737226681674973
6720.3241426454115,23791.787862796413,21232.94835492735,0.015737226681674973
6710.66759815467,23786.258546809975,21226.799056068347,0.015737226681674973
6699.851780990485,23822.3759265715,21205.696087504075,0.015737226681674973
6695.989422776513,23821.60188431323,21227.386776394404,0.015737226681674973
6705.492353790324,23791.90893043514,21215.474964173565,0.015737226681674973
6734.4172733059895,23814.18052744773,21240.47624731779,0.015737226681674973
6751.329640758276,23824.75517897498,21222.829328346284,0.015737226681674973
6713.926007351071,23793.33560821814,21212.478662493937,0.015737226681674973
6715.970416108233,23810.23796991977,21222.241490628345,0.015737226681674973
6714.51284905259,23827.170230195472,21210.523958933485,0.015737226681674973
6696.534025722511,23827.620997459322,21204.705436121963,0.015737226681674973
6714.955063989346,23799.4580409662,21203.202770983575,0.015737226681674973
6711.356025663422,23790.61001884023,21215.415959883347,0.015737226681674973
6710.939601467792,23828.789636361333,21221.969409471523,0.015737226681674973
6711.424953510424,23835.67287568551,21209.04681758108,0.015737226681674973
6741.932961574235,23787.6660239111,21218.023445889678,0.015737226681674973
6732.269602137287,23794.87859701898,21207.059160486053,0.015737226681674973
6713.541691609968,23801.01923113595,21207.378633383712,0.015737226681674973
6718.335235776005,23798.438492027417,21196.893561215635,0.015737226681674973
6740.396996660294,23805.911418672396,21223.595809351562,0.015737226681674973
6725.075845489355,23818.217240520895,21232.02506988514,0.015737226681674973
6729.705693279996,23794.25364382763,21229.551177296216,0.015737226681674973
6704.780828708036,23805.261719910628,21213.411540729165,0.015737226681674973
6736.703673584636,23817.50135038245,21215.73979246171,0.015737226681674973
6737.767310179955,23810.208193087532,21201.866238858413,0.015737226681674973
6725.673628091538,23800.468566605858,21237.193692684312,0.015737226681674973
6737.207169963668,23801.93840283019,21211.65108509608,0.015737226681674973
6743.863261048249,23812.67142487482,21230.596483944995,0.015737226681674973
6736.291262635613,23807.65706776182,21195.11593923787,0.015737226681674973
6708.939885026931,23817.30398951684,21225.70896605297,0.015737226681674973
6723.29188490697,23805.842717510066,21228.272229745016,0.015737226681674973
6730.657255456292,23792.938234526395,21196.81945283253,0.015737226681674973
6729.6920753325685,23811.83422452399,21252.925296742786,0.015737226681674973
6754.569636303068,23823.70513814996,21217.554386556854,0.015737226681674973
6713.196674636159,23816.089993152083,21218.20499537439,0.015737226681674973
6724.148820157553,23817.179858733343,21199.747744316075,0.015737226681674973
6699.619126498777,23810.29106506592,21202.088842703903,0.015737226681674973
6725.334056468961,23806.10019546587,21220.685719272842,0.015737226681674973
6702.19366791814,23819.63364637564,21248.750585101563,0.015737226681674973
6725.817579743532,23810.234108650748,21210.584258746796,0.015737226681674973
6734.505078951178,23812.548653463735,21207.863568925346,0.015737226681674973
6720.65245460801,23798.28284754393,21210.581625036953,0.015737226681674973
6720.092333809726,23802.75277771986,21231.571027061436,0.015737226681674973
6715.186625953581,23806.22811251379,21244.029124030887,0.015737226681674973
6701.546805549946,23817.00597209123,21221.162638828686,0.015737226681674973
6732.502067194386,23815.754587296047,21221.008165466665,0.015737226681674973
6716.137404644717,23802.831461357713,21208.696025548594,0.015737226681674973
6751.231204345433,23806.827440102064,21229.094525918008,0.015737226681674973
6720.209422439618,23787.02034123232,21223.112616862163,0.015737226681674973
6707.0418269538195,23815.815062272617,21207.81550737145,0.015737226681674973
6731.8641837219675,23797.189767321084,21195.15273091294,0.015737226681674973
6714.503127154162,23806.49132668695,21218.912816075022,0.015737226681674973
6735.195316211408,23820.05606398457,21197.12321007133,0.015737226681674973
6703.73146221862,23813.121999061437,21229.539008676726,0.015737226681674973
6719.182250304794,23835.09170139625,21201.295539859246,0.015737226681674973
6727.366635010438,23807.60990335069,21250.354310904175,0.015737226681674973
6715.2085338919815,23830.800376046227,21213.591996875133,0.015737226681674973
6705.240402719467,23804.58813833875,21247.439380845553,0.015737226681674973
6728.086669438041,23821.265576361297,21216.332643813825,0.015737226681674973
6714.258304361234,23784.81940528259,21209.66288132154,0.015737226681674973
6750.806188222105,23822.31121508433,21226.251277124637,0.015737226681674973
6691.159529986637,23815.99066731594,21242.324383344047,0.015737226681674973
6709.3141828143835,23825.196124587917,21245.656220626235,0.015737226681674973
6732.719545439357,23838.015140019997,21198.169440904745,0.015737226681674973
6709.514043817866,23811.99794728986,21232.21614379525,0.015737226681674973
6740.329478915163,23828.23451748362,21209.5610840163,0.015737226681674973
6728.48482190118,23841.51800577324,21219.832444178115,0.015737226681674973
6735.1197380691565,23834.167771493896,21214.504877334064,0.015737226681674973
6714.236842297348,23820.641385320338,21211.138394233123,0.015737226681674973
6695.429930242794,23826.827642946493,21230.461412350025,0.015737226681674973
6739.028744299072,23832.613896510793,21234.41404654726,0.015737226681674973
6730.84387707387,23844.37559228745,21219.253190217685,0.015737226681674973
6702.913977599592,23791.67220613619,21224.05687178584,0.015737226681674973
6729.0839057048215,23822.82442379919,21207.63623397947,0.015737226681674973
6733.700109343649,23812.991742720307,21244.548550949265,0.015737226681674973
6736.319033496636,23805.529639362117,21222.57136458638,0.015737226681674973
6707.503426393818,23820.123531531,21218.542495474805,0.015737226681674973
6701.882745615303,23811.561011180285,21223.61329059337,0.015737226681674973
6741.305353963636,23813.953211782227,21224.787459767555,0.015737226681674973
6711.36140285902,23784.89682600045,21216.985866102208,0.015737226681674973
6724.263883813808,23844.29637769331,21219.34457767434,0.015737226681674973
6712.548559124914,23807.07328157103,21227.54979788651,0.015737226681674973
6701.435314867926,23827.59697248264,21227.947817925076,0.015737226681674973
6704.458163250466,23810.273520159724,21225.13670040573,0.015737226681674973
6734.544190929999,23831.176406980827,21229.350565089826,0.015737226681674973
6701.985616274904,23814.56998727207,21210.48745907789,0.015737226681674973
6740.523806564797,23805.483833900616,21229.539308254596,0.015737226681674973
6691.292773693461,23825.104957415315,21212.505297776355,0.015737226681674973
6707.915503566098,23826.523081383057,21210.01366715696,0.015737226681674973
6735.0470390127,23806.20081385773,21220.16774260861,0.015737226681674973
6691.697943099469,23809.524621339737,21233.90594418045,0.015737226681674973
6728.348817707078,23844.41679080337,21200.848807042705,0.015737226681674973
6738.779400212368,23836.33470119521,21216.806440371725,0.015737226681674973
6763.194030667537,23819.043847173234,21221.497010695028,0.015737226681674973
6744.657204912293,23818.891367304608,21207.35484405381,0.015737226681674973
6738.502421114802,23835.358647224144,21229.56788802178,0.015737226681674973
6738.430849442398,23805.13831529562,21229.3317948955,0.015737226681674973
6716.322155893778,23824.67981428894,21223.02895609673,0.015737226681674973
6716.220880460293,23830.853914429328,21216.028016614597,0.015737226681674973
6728.090834975443,23803.106227327768,21227.287879465854,0.015737226681674973
6706.150185673401,23823.746230051536,21221.688796285376,0.015737226681674973
6726.8486056939255,23811.67251852688,21227.088800126694,0.015737226681674973
6723.272784573718,23804.761669821768,21207.838504385818,0.015737226681674973
6736.154714147535,23808.081236344708,21222.038252939397,0.015737226681674973
6729.100702770109,23837.21814707518,21224.260865090997,0.015737226681674973
6732.018470918836,23803.209803823655,21189.8873454808,0.015737226681674973
6698.607706281781,23823.275574387302,21195.951784112116,0.015737226681674973
6740.9349286203615,23819.699023555342,21238.95020034661,0.015737226681674973
6746.842746429955,23812.70686007041,21226.801048052494,0.015737226681674973
6721.52472952614,23822.616806740225,21214.55923209924,0.015737226681674973
6730.997804238849,23785.58401082544,21235.122098296255,0.015737226681674973
6692.322476491735,23828.066245582104,21201.36645876937,0.015737226681674973
6722.653209416359,23778.561761985984,21215.29718212758,0.015737226681674973
6740.815829222759,23821.722188023865,21216.12171378135,0.015737226681674973
6690.438008242736,23814.115576344033,21217.176919507132,0.015737226681674973
6703.595061325313,23776.66226090582,21223.098878641737,0.015737226681674973
6748.804236846886,23792.268798267018,21221.87291195673,0.015737226681674973
6715.23250260489,23775.7398642936,21234.773385926084,0.015737226681674973
6712.5911804727675,23827.229840160293,21229.614286690863,0.015737226681674973
6738.174729439876,23809.486111005008,21233.320238098993,0.015737226681674973
6706.377053587765,23795.43201709193,21220.367711051975,0.015737226681674973
6730.754433351364,23841.590864528793,21229.904339653192,0.015737226681674973
6699.072325826882,23805.446152744425,21227.190972847657,0.015737226681674973
6737.6299075454,23831.641235239724,21196.499329046295,0.015737226681674973
6756.784650672568,23818.340255362345,21216.865556012905,0.015737226681674973
6721.175412135444,23843.77353021757,21217.09856668747,0.015737226681674973
6713.619592530039,23821.809334685535,21198.910552522902,0.015737226681674973
6707.308743559987,23807.46084576746,21218.56668459887,0.015737226681674973
6710.853167602097,23800.633226310387,21208.886054389783,0.015737226681674973
6707.804082875115,23776.16611894158,21224.119513130514,0.015737226681674973
6693.9120718917075,23774.672453480627,21213.60819330284,0.015737226681674973
6726.30163441068,23798.716982022535,21250.226830160733,0.015737226681674973
6750.336980877558,23825.54903433118,21218.24351819477,0.015737226681674973
6725.439515617481,23798.345115625943,21254.488254376025,0.015737226681674973
6695.87264952578,23777.35677381288,21215.992107165155,0.015737226681674973
6750.722654469571,23795.24237583363,21243.545652349185,0.015737226681674973
6734.878234564613,23800.96476724197,21251.267737527574,0.015737226681674973
6731.771106734235,23791.723388773993,21238.12581280341,0.015737226681674973
6720.748580414883,23787.77491158901,21230.61771246531,0.015737226681674973
6725.3948782009,23791.297278304806,21226.177006319875,0.015737226681674973
6699.120140992996,23824.47475065688,21228.779067890566,0.015737226681674973
6721.072741837236,23766.510626286446,21214.554067790672,0.015737226681674973
6706.135102731424,23794.31695273866,21242.022481943117,0.015737226681674973
6717.804652647931,23780.98698840932,21228.49881992833,0.015737226681674973
6712.245368649493,23786.203838888836,21210.06770998124,0.015737226681674973
6700.200184797672,23811.54450609171,21196.78703952701,0.015737226681674973
6734.52781665671,23810.554904622473,21201.341086309516,0.015737226681674973
6716.604913745685,23816.76676240311,21189.37724352291,0.015737226681674973
6726.681148494117,23780.02530858245,21225.076965807333,0.015737226681674973
6708.779726445118,23793.74315776202,21253.09675296106,0.015737226681674973
6733.0978990025,23833.068937873817,21205.962878602848,0.015737226681674973
6744.1495945426095,23795.166104637454,21231.548772705755,0.015737226681674973
6691.955497193324,23802.93582879238,21232.17099511687,0.015737226681674973
6727.966827828674,23832.941118864615,21199.80519186286,0.015737226681674973
6702.801521118798,23808.520529255355,21211.13012256509,0.015737226681674973
6699.921297915573,23772.17297105699,21208.66781367102,0.015737226681674973
6737.584084900806,23805.569416018232,21207.681171025255,0.015737226681674973
6688.619841658228,23805.424492539067,21204.507654993384,0.015737226681674973
6748.424310659018,23804.783090831956,21223.173509846598,0.015737226681674973
6706.721770605359,23798.906606999357,21205.395674897663,0.015737226681674973
6730.411417674339,23782.324214230783,21217.41559022765,0.015737226681674973
6724.771420202846,23830.599049122764,21217.44544141965,0.015737226681674973
6698.643033407227,23807.508833962303,21236.132155444244,0.015737226681674973
6700.447786361687,23815.716985084437,21240.921186715612,0.015737226681674973
6747.067668119692,23828.9377777637,21217.85530119919,0.015737226681674973
6727.346698813415,23809.792987158966,21231.89458376884,0.015737226681674973
6709.878378152856,23784.881565699245,21235.75126392215,0.015737226681674973
6737.004364001576,23807.602174512544,21201.497665791936,0.015737226681674973
6707.336513496799,23817.47915976303,21216.94913767525,0.015737226681674973
6707.333089418006,23800.818926041404,21215.718196793914,0.015737226681674973
6691.234961522765,23779.063332879345,21210.32224891852,0.015737226681674973
6739.276702922214,23832.356683987473,21202.467512656352,0.015737226681674973
6734.728948660273,23783.36767887579,21214.091650377413,0.015737226681674973
6720.703181497329,23817.579934269164,21239.58425066452,0.015737226681674973
6734.7838868164545,23808.970064627447,21187.437434077467,0.015737226681674973
6740.362975464478,23799.922518633903,21240.61753232718,0.015737226681674973
6739.5314091288255,23801.58389877908,21250.55094076864,0.015737226681674973
6725.6760128854885,23815.475200051427,21204.602896388293,0.015737226681674973
6691.772299341467,23776.88915475002,21212.52082414497,0.015737226681674973
6718.413744038341,23787.498210608348,21228.902248184168,0.015737226681674973
6709.251970420385,23818.50759224058,21209.415249906797,0.015737226681674973
6701.538961154855,23818.44808341842,21230.480173455515,0.015737226681674973
6695.475310629635,23796.597820556897,21234.447720168304,0.015737226681674973
6721.798564076601,23773.36097250806,21216.432518442645,0.015737226681674973
6735.403798649623,23818.606329263246,21229.533856954164,0.015737226681674973
6728.759039014168,23791.21274872757,21221.872116892315,0.015737226681674973
6707.230265256459,23818.933076507477,21199.049202285674,0.015737226681674973
6723.590007814845,23793.149083995962,21250.148717822,0.015737226681674973
6750.867179231147,23828.435381814965,21231.644995994022,0.015737226681674973
6710.300059094664,23822.135089997362,21217.149991865466,0.015737226681674973
6743.979384388291,23834.71791206347,21230.467022930272,0.015737226681674973
6713.2855588518105,23830.469628498202,21222.94150503633,0.015737226681674973
6708.675900078816,23799.7555064641,21256.040971595197,0.015737226681674973
6734.227829015926,23789.59687928014,21204.30754426794,0.015737226681674973
6708.114477153262,23813.079608161137,21241.228429868603,0.015737226681674973
6715.447996631455,23790.8843502953,21237.97694900012,0.015737226681674973
6727.516399141033,23786.977819230087,21210.714586227357,0.015737226681674973
6719.440747494237,23813.172061527956,21221.75563331475,0.015737226681674973
6737.852431697773,23829.45639984049,21219.26592953248,0.015737226681674973
6726.325001517855,23812.277520107473,21235.223284096188,0.015737226681674973
6721.832508873358,23802.364921912493,21197.193156579204,0.015737226681674973
6739.678938876909,23798.005326595405,21256.280398623236,0.015737226681674973
6748.627911670622,23806.48596367753,21217.432511459607,0.015737226681674973
6742.044961228338,23796.92921912051,21255.41567824713,0.015737226681674973
6753.809297048449,23819.983515622585,21225.294841894214,0.015737226681674973
6728.453370814702,23780.247101720135,21242.714372615457,0.015737226681674973
6758.715884554644,23805.286337372043,21250.853150979197,0.015737226681674973
6740.254552370786,23807.84165881549,21226.00123240642,0.015737226681674973
6729.375020350283,23800.676384396942,21217.54551033063,0.015737226681674973
6740.47247829205,23800.95586019869,21196.941523798254,0.015737226681674973
6731.220974421845,23795.277121659135,21243.56733802186,0.0030883231665939093
6745.3864722010185,23801.624140894426,21236.202047281284,0.003639706876128912
6706.620684741099,23784.795488571763,21253.826095619825,0.0036390686873346567
6727.196469258815,23778.52780307808,21248.15698521725,0.0024082970339804888
6719.965933611379,23781.765477635367,21239.24754097556,0.001974529353901744
6729.381679095067,23808.578915569906,21249.034317890677,0.003012513043358922
6734.451098791552,23786.62479078539,21231.088952164606,0.002627494977787137
6741.378135908242,23817.7126188047,21209.376604385507,0.004579846281558275
6745.040976455102,23813.08674637015,21216.489499714815,0.0019452482229098678
6714.367254049162,23801.647229601112,21249.043056289385,0.0033941210713237524
6738.408353941155,23810.490754572,21247.11791699182,0.0036283829249441624
6707.275523777992,23799.667112019513,21189.860824678064,0.0030502784065902233
6739.414147704618,23790.075742862467,21197.308528036905,0.003272388596087694
6728.680135690778,23825.557078900318,21210.688468228327,0.0019904065411537886
6737.2867433771435,23822.31150387221,21217.393804677013,0.0020027272403240204
6732.354197120346,23808.968404595347,21191.83135460894,0.0035689149517565966
6743.836928756782,23779.896982438924,21206.249763730768,0.0027338778600096703
6734.536608957766,23763.42838840787,21216.682453666825,0.0037800453137606382
6685.287900845896,23827.6445948369,21209.750901042364,0.0021741867531090975
6751.903825701089,23796.74610225138,21226.20002908496,0.0031978448387235403
6751.224385482572,23803.09996237643,21232.287565232866,0.0041867876425385475
6722.840480737685,23770.23902906579,21202.67867876701,0.002250690246000886
6709.764021416941,23780.747216130116,21229.921642896665,0.002674778923392296
6701.947652997661,23814.856523316732,21254.92286453925,0.003911573439836502
6746.156978989926,23814.23458930405,21225.34608302806,0.003366391872987151
6752.670835497469,23785.621311409966,21222.234560197143,0.0049056680873036385
6703.89399047348,23824.132190782315,21247.324911557105,0.0028461881447583437
6728.434612930935,23821.158585489386,21244.623319323277,0.005630116909742355
6723.034884801499,23819.00327857569,21196.801197018387,0.0018762910040095448
6730.725595639128,23833.90882663124,21207.811874975796,0.004421660210937262
6721.355966773829,23838.719096154622,21214.415012866542,0.004351915791630745
6702.629356535935,23825.98362821889,21223.808544012012,0.0034929809626191854
6716.09425191619,23808.78390201476,21263.683690434253,0.0023287239018827677
6736.915188927004,23829.977179738864,21190.686966914673,0.0029486946295946836
6754.04655759352,23815.43855158158,21190.15241951002,0.0028831076342612505
6709.891203248754,23831.263183314724,21229.70260552084,0.001969265518710017
6726.732048250538,23828.27502647905,21244.17228233785,0.0032251342199742794
6714.6684375567,23797.50267882871,21175.514122693396,0.0024360690731555223
6687.82881267074,23820.331724900516,21224.11863340963,0.0039788237772881985
6716.622387367975,23851.319764246822,21200.93574697878,0.004088990855962038
6711.309676545897,23778.471951105486,21191.767992406956,0.001561938552185893
6726.944859811641,23836.43537984055,21231.07255887675,0.004269583150744438
6693.26292279971,23833.082197287178,21193.478361706206,0.002313047181814909
6705.377505008451,23824.402595257303,21215.46113318499,0.003830225672572851
6717.599756928332,23830.789411590413,21237.775915240632,0.0039582946337759495
6702.3527592427745,23783.944597224523,21227.534454640507,0.0032846713438630104
6754.487288403162,23805.89509578072,21213.092166510636,0.0017736349254846573
6734.973507199981,23834.064420918494,21228.71856852441,0.0036870907060801983
6691.177689100285,23791.146624213052,21198.45267335833,0.0020211851224303246
6687.077322223359,23831.162517691402,21237.622057605844,0.0024318594951182604
6763.641571734542,23816.626218557743,21208.91745180296,0.0029744862113147974
6684.187509096611,23794.309661474752,21241.96638904562,0.0019075901946052909
6748.888076286435,23833.327994749543,21205.667899777887,0.004102443344891071
6760.408817811945,23807.480406264305,21245.34722128044,0.0033053613733500242
6717.50897636533,23849.50983416738,21229.820029346192,0.0031522607896476984
6752.946809318139,23826.695467692818,21235.944943006834,0.0030024261213839054
6751.317734057753,23842.021258617544,21233.19672586834,0.0030000610277056694
6696.654971102271,23778.78183486941,21197.565842830827,0.004157899878919125
6710.236695053614,23780.424960302294,21199.239884161714,0.004871331620961428
6702.768246283819,23788.89316890099,21204.241789743646,0.0057731326669454575
6692.525536261453,23790.77175472524,21211.85759083744,0.0036380018573254347
6677.637472912608,23798.183898420662,21216.41655744197,0.00568442652001977
6713.1721163437005,23775.606417449206,21202.865731166068,0.004754538182169199
6729.499075763997,23791.58054331909,21204.8980958272,0.0025573205202817917
6687.195316298893,23803.989992231815,21213.651324157006,0.004048180766403675
6704.490517500679,23793.63689077048,21197.763099489803,0.0016294639790430665
6716.767007664075,23778.682281498044,21213.94198846857,0.0026320870965719223
6677.719311512272,23797.17567559133,21223.152998562426,0.005139234475791454
6722.620467871755,23798.852997906917,21198.2654616816,0.0030271916184574366
6684.9065549116185,23799.20159433633,21221.122702555364,0.0041245450265705585
6681.266115386655,23807.53516292972,21225.28121455583,0.005206000059843063
6689.703007340065,23789.87269712013,21219.534006650938,0.003485772991552949
6726.445625371769,23777.91394200129,21216.35570754176,0.0025814655236899853
6703.649179231197,23773.904003160722,21206.232776140772,0.0018694220343604684
6686.194600929985,23805.991205242655,21228.627062341107,0.003631886560469866
6700.667743160512,23809.811639378673,21204.614162072823,0.003714625257998705
6694.784886138712,23781.648125907097,21224.37876142199,0.004044135566800833
6688.953971978997,23782.223820060517,21201.501374782078,0.0017038526711985469
6684.077971588914,23810.55783322595,21234.660898725462,0.004165142308920622
6702.025838246671,23777.952263451287,21192.667574776024,0.0015948095824569464
6686.163977074908,23812.84298047934,21241.357099929097,0.005072807893157005
6715.518468706173,23814.245185252865,21199.473310200374,0.0030913460068404675
6696.927026919598,23794.010233055353,21227.518647908397,0.003322465345263481
6724.509171645605,23832.982439142837,21235.892917994875,0.004030738491564989
6700.519442097283,23773.742820171858,21222.39216607677,0.002071269555017352
6746.2306830141315,23805.91386753995,21222.31372093002,0.003235293086618185
6743.9897102534305,23812.796368698466,21231.578883705617,0.004662000108510256
6682.75390081774,23801.63745082826,21205.994144658103,0.0020356259774416685
6723.01328359909,23810.779916583804,21221.318254966296,0.002438577124848962
6723.752279970932,23810.740071269873,21221.289954745804,0.003651553299278021
6722.411727873034,23810.770756381164,21221.074539649642,0.003140605753287673
6722.789875167561,23810.53992296866,21221.77815485162,0.005600589793175459
6723.5796387939345,23811.63210129007,21222.132764248992,0.0026155554223805666
6723.157113072082,23809.693901326267,21220.871806782816,0.0038375169970095158
6722.604503148988,23811.882388136066,21221.5150339593,0.0029607396572828293
6724.144638398636,23812.265374239516,21221.66088258314,0.002973872236907482
6723.60552774826,23812.544089443905,21222.37346920874,0.002320916159078479
6723.875459641942,23810.76681504089,21220.22801146288,0.0030994615517556667
6724.315584445738,23810.973276528566,21221.663039588126,0.0046890657395124435
6723.883053452508,23810.032107288458,21220.996174697964,0.004026604816317558
6722.845667045817,23810.108299807107,21220.067297362155,0.00558261014521122
6722.333569203624,23812.19170238815,21220.40525860265,0.004241142421960831
6724.798776521911,23810.90783203084,21220.887817340994,0.003250457812100649
6721.347231623953,23809.575177595583,21221.664156441708,0.004045324865728617
6724.457570968174,23812.09794821731,21223.212683551974,0.004353411961346865
6723.282991496819,23813.740829225313,21221.54054239799,0.003028631443157792
6725.047968987921,23812.147052942433,21221.401630314333,0.0038159533869475126
6722.179680956594,23809.26345601023,21220.603654623344,0.00395699730142951
6724.973399462882,23813.06825913151,21222.819140906973,0.002821187721565366
6722.518940951947,23814.05611031831,21223.37416905126,0.004135900642722845
6720.489795487992,23810.790413478077,21220.670876716213,0.003710396122187376
6724.550329927511,23814.53679532392,21220.83170043364,0.005134908948093653
6721.118268680387,23811.833425008223,21222.553097025684,0.0045934561640024185
6725.893010584365,23811.10083729518,21221.349959716055,0.0040084063075482845
6723.58417473644,23808.55967291605,21222.125192114658,0.0038580605760216713
6725.159652047323,23809.74213003696,21219.695036470643,0.004674205090850592
6721.858501142906,23811.72369381884,21224.222499674772,0.003842500736936927
6724.604382432655,23808.51123011796,21220.608718858202,0.005469033494591713
6720.983511130148,23807.63473335286,21221.837267689654,0.00317395874299109
6726.3695119098975,23814.609123403792,21221.06842703793,0.0027066932525485754
6722.244584952029,23815.01799132964,21220.230968139625,0.004344111308455467
6725.023164821644,23814.06034223505,21224.84392709433,0.0032970383763313293
6723.139113795535,23809.171488155884,21224.06568472939,0.00376818492077291
6724.629515823229,23812.25992389429,21215.956769113076,0.0023890661541372538
6723.377882806751,23807.026387119757,21218.55407977131,0.003375411732122302
6722.162200401834,23811.29296111997,21215.291958560585,0.0038839259650558233
6726.183332178896,23813.200111206574,21217.22288338895,0.002928399248048663
6722.614210440322,23806.17767208419,21220.56457045361,0.003684025024995208
6725.513607272787,23809.927264202346,21216.3814342492,0.002853875979781151
6724.38202443197,23809.913142139252,21226.20525225306,0.003667796729132533
6723.859844901788,23814.12727957462,21214.125449301966,0.002753110369667411
6728.200842106243,23812.539227393154,21221.15283546353,0.0031880598980933428
6727.241789304848,23812.101505152583,21224.083191001097,0.0038905185647308826
6726.148652184443,23816.01377171131,21223.838732831086,0.0033519351854920387
6723.61569385964,23817.670802337438,21224.27115941014,0.005052406340837479
6719.281668418413,23807.082410629904,21223.270459090345,0.0037429197691380978
6726.601375162503,23817.425136334547,21217.967483850774,0.004130152519792318
6717.871458856147,23811.38494712116,21219.846916387232,0.0033538425341248512
6728.0484712391335,23808.853640563968,21221.44674661918,0.004486663267016411
6718.758617653455,23814.33523684954,21219.46080767703,0.004971995484083891
6727.779307450308,23809.522513516513,21224.4916066113,0.003961922600865364
6721.21178940768,23816.634780600707,21223.463088433724,0.004385715816169977
6721.767577209576,23807.79404601399,21215.882072381566,0.0035973391495645046
6725.388068454559,23806.471103125565,21215.94796956058,0.003874397138133645
6717.5252032632825,23810.870665025337,21223.411011345466,0.003973427694290876
6727.482611581212,23817.92367822486,21220.702609660013,0.00360154639929533
6719.728781420406,23805.042601383924,21220.002817551656,0.003942962270230055
6727.745253368765,23811.62897194108,21217.99904719284,0.004716989118605852
6728.108668709135,23814.136362828976,21219.01861419523,0.003752856282517314
6724.634467421847,23807.43783044579,21211.203954577013,0.0036304262466728687
6724.693693393199,23804.266857044797,21225.725194868297,0.0020011889282613993
6718.714234201002,23810.747522070356,21226.281696167516,0.0034201594535261393
6721.136698688752,23815.362935258374,21226.314374342423,0.0045835115015506744
6722.143275595168,23811.427442179865,21228.233891422013,0.0033331881277263165
6726.855424890187,23802.2982359853,21223.2677646794,0.003488811431452632
6718.008829638819,23807.268509017555,21218.92129924691,0.003707209136337042
6722.056883037087,23802.66945916035,21218.70456257032,0.0029051946476101875
6728.835933368837,23802.8662307178,21217.378855067825,0.003194873221218586
6717.94228729643,23814.306094643514,21212.46015574895,0.0023985919542610645
6727.621297150504,23806.4595240638,21227.439652171986,0.0025960493367165327
6719.992347930327,23818.392620868115,21219.863470397468,0.00345609406940639
6719.408190846783,23809.17096633156,21214.45248044887,0.0026279527228325605
6720.816671740789,23802.021672175397,21225.741288192003,0.00173240399453789
6722.0995817567655,23821.182118255605,21219.462005332127,0.0028348471969366074
6722.088937929886,23816.525570082962,21211.094488389317,0.0033226420637220144
6725.970067568111,23813.34707785746,21230.20863164351,0.003834058530628681
6725.890907014067,23808.202990077112,21208.89517427841,0.004130251239985228
6720.734190965929,23800.072309341565,21222.61788848358,0.0026823661755770445
6725.032365077804,23822.222286056247,21217.339705126207,0.0038244237657636404
6733.251494705853,23806.48722799273,21221.324601549506,0.004132408183068037
6714.4162145170885,23809.545631979403,21216.2957740152,0.0025952612049877644
6718.039824557809,23819.04124005202,21214.58186769381,0.0026551696937531233
6716.557342361707,23809.94393282511,21208.115368897496,0.00289943371899426
6728.161277793417,23815.21096393461,21211.972138434532,0.003618319518864155
6714.571249306539,23813.310127800825,21213.859338891736,0.0024325940757989883
6730.337205845575,23810.372418437164,21211.316899686746,0.003683385206386447
6713.546642458994,23813.014860424853,21222.06213762663,0.003565556136891246
6732.8446712670775,23815.82620588214,21222.75764862845,0.0041101244278252125
6725.029154879056,23822.459476613654,21225.738606412524,0.004353335592895746
6726.957759815493,23800.219675143286,21220.37093407974,0.0037392862141132355
6726.603929726574,23804.790189258016,21231.13511685839,0.003005482256412506
6712.132901524434,23806.342014933358,21220.510020212732,0.0022306875325739384
6729.226006943835,23816.039131433346,21228.97750982676,0.0035683377645909786
6712.5229083076365,23817.034164327786,21217.55956421456,0.0021187730599194765
6735.379536122586,23805.37895740552,21216.2169697791,0.003099655034020543
6725.607955525642,23817.8482176578,21210.138524567265,0.002513463841751218
6715.00737067473,23801.39896936653,21220.88627236162,0.0029598146211355925
6711.700921613477,23811.294069598644,21207.80527056077,0.0038321407046169043
6713.198081833185,23819.36418330076,21213.97956932451,0.0023998813703656197
6712.873640552091,23803.71014063775,21224.42441443016,0.002546407515183091
6734.596675306875,23810.239977056877,21212.95129869009,0.0032519225496798754
6716.148039376729,23812.81302784701,21230.054860155302,0.003934151027351618
6731.317055853949,23800.359580621407,21223.81043989994,0.00495715718716383
6717.4690201506555,23803.015143700286,21210.02345557817,0.0026921541430056095
6718.7961104835595,23801.017395828054,21232.29409215545,0.0035966699942946434
6713.9823068501155,23815.48673942875,21225.419278700436,0.0033407192677259445
6707.828433093359,23810.653745577514,21213.3346682962,0.003559941193088889
6732.044673808948,23799.928572605215,21215.65638405376,0.0038156374357640743
6719.1211801428,23824.52401371706,21222.380451879788,0.003072926541790366
6733.214960948822,23803.776402792584,21226.303892949385,0.004156352020800114
6727.033204834145,23799.990858661135,21230.259984428372,0.0033122715540230274
6733.250229323842,23810.06604433504,21229.12662456296,0.0035778069868683815
6722.195212909781,23798.710553631514,21219.468875533283,0.002196188783273101
6715.832003537745,23823.68316842588,21218.5222799331,0.0027301893569529057
6720.840301393956,23822.47546763225,21208.826476594044,0.0035345128271728754
6720.468835193525,23804.630268314897,21204.896373467596,0.003012825734913349
6707.368049692283,23815.7334876113,21219.052111700228,0.0028828668873757124
6712.95229207245,23819.543041438388,21223.138047293403,0.002527013886719942
6708.645106301843,23802.819962889826,21213.114389531132,0.0028086325619369745
6738.813296516719,23811.221116180528,21220.906142640488,0.00429592514410615
6725.950681453725,23798.480183141703,21212.061564340827,0.002822506707161665
6722.052377943227,23826.858788144975,21225.906643361806,0.00318815466016531
6706.39622809438,23806.830983917516,21219.61337738799,0.0022719658445566893
6730.894552149443,23801.235410549532,21207.578059537773,0.003254758194088936
6720.970052287857,23804.986216368343,21235.652640383414,0.00423602806404233
6711.883670042258,23802.82379574078,21206.2375587298,0.0042592803947627544
6716.421029097817,23798.455934522462,21214.242975388832,0.0037840944714844227
6706.875869912367,23805.035827235606,21232.52833790498,0.004230419173836708
6707.399776472615,23797.48288907207,21225.23611108648,0.0028233430348336697
6713.847490924785,23819.909012462947,21228.808260982674,0.003189477138221264
6703.998193428123,23804.73931361227,21212.703824804983,0.0032250613439828157
6713.854220947081,23807.59608980033,21238.190260853506,0.003757943632081151
6726.9253668534775,23810.391719261694,21236.557454490583,0.003263469086959958
6721.079913442044,23823.82188660314,21232.898258928304,0.003917986527085304
6703.723064898328,23811.744720299786,21226.221364326553,0.0027237660251557827
6723.16129846529,23818.126790123464,21237.18073997209,0.004237971734255552
6729.6217212318315,23821.875836712545,21232.428745701538,0.004564544185996056
6703.688982019357,23803.2194530663,21227.543092362852,0.0023591886274516582
6723.5225428876565,23808.269930161467,21203.34461720894,0.0036891414783895016
6738.518987855877,23817.899297143424,21224.797585825552,0.0035779804456979036
6701.443435611788,23803.372576884405,21218.04221076586,0.0020901246462017298
6740.754934042688,23796.57853079446,21224.318914034888,0.004640871658921242
6703.076373493766,23816.213319799775,21223.116013380804,0.002965749241411686
6709.04821627225,23817.446641137765,21235.349991928826,0.004421151243150234
6710.542334136209,23826.398170277706,21226.97767925107,0.0023416245821863413
6712.244931840856,23789.751776143738,21219.008351942142,0.0037066673394292593
6739.160510094248,23817.08493176495,21214.159044843607,0.004023419227451086
6707.211373141541,23822.3829060965,21227.575929586492,0.0028386523481458426
6716.399416783911,23829.362034769903,21228.706933659236,0.003138246014714241
6733.908999216333,23803.738657343234,21234.850443655167,0.003512116614729166
6700.295641955086,23820.123252002693,21216.612326230294,0.004086603876203299
6716.759262081067,23831.005925286965,21218.58102094899,0.004700363613665104
6697.4340336742125,23806.356768044363,21219.387110198448,0.0030961823649704456
6715.715735713101,23795.483409398035,21228.713291384134,0.0017321219202131033
6698.406458413814,23812.680618570746,21229.31256668553,0.0035410954151302576
6705.100826474884,23793.13834426655,21212.696745018016,0.00379686476662755
6706.683237364013,23810.8971395979,21240.37551178805,0.0038892219308763742
6720.842867781343,23794.394726996896,21224.736193282984,0.0019330293871462345
6734.466793331364,23804.413118616365,21202.158346662236,0.003522520884871483
6716.626471480819,23823.502406707066,21236.99416007344,0.004295425023883581
6706.839000544739,23794.895373163934,21203.971878426033,0.004806354641914368
6697.489943471205,23807.920844907778,21235.160367525874,0.0034930913243442774
6705.718656176228,23787.122265330625,21224.29478685105,0.003695891937240958
6736.75098010611,23811.672780702986,21234.348709921793,0.0037627583369612694
6740.452843797528,23797.8691733661,21218.0263087247,0.005680455826222897
6728.123455290185,23815.15953678071,21239.714652826162,0.00303917215205729
6737.909091344645,23800.03887178248,21232.482894056233,0.0033012055791914463
6707.284115735673,23805.28907853059,21202.995231462613,0.004318709019571543
6694.191878613816,23803.560944556906,21230.670711760693,0.0036406980361789465
6706.49223756603,23791.486702603157,21229.455264843633,0.0025983049999922514
6696.059831577828,23801.107908046164,21214.666571852693,0.003483855864033103
6740.461730709198,23810.053475288103,21211.686982301257,0.0030607639346271753
6729.083209497073,23814.88201242121,21204.066562792566,0.002621596911922097
6738.005748795361,23804.79353324696,21212.63741532353,0.0019226308213546872
6701.2969791054,23794.15998835851,21208.8528922075,0.004739515017718077
6693.413952173457,23818.12445882306,21228.430380380898,0.0038128895685076714
6697.40150681676,23794.61396393058,21217.818271831533,0.002862778026610613
6690.197601631805,23807.74339513473,21224.79552810434,0.0038628168404102325
6729.327265105327,23823.414720040146,21218.80026674006,0.0018633618019521236
6734.061280415598,23816.288448200994,21206.315328769728,0.005052951630204916
6702.22935420252,23820.7482153072,21238.175247499174,0.004610724747180939
6689.174884709799,23815.774914712256,21235.11841654652,0.003989167045801878
6692.447662798916,23815.09717692776,21220.099943177753,0.0025060472544282675
6696.680770495524,23811.794192332258,21241.40300572505,0.004719395190477371
6709.11057847674,23787.006431338687,21212.96795211115,0.0032047368586063385
6745.220280960638,23807.49420825889,21215.980058805846,0.005079390946775675
6738.2241610231285,23807.347247799244,21204.323834452705,0.0023826113902032375
6738.346990330071,23807.350924295795,21204.462859990093,0.0038168805185705423
6707.048361764698,23787.26853066255,21206.8797886021,0.004248334560543299
6705.409957625405,23825.950798915084,21234.79420112546,0.00397740863263607
6697.958948815625,23784.288496824327,21215.607487957426,0.002933760639280081
6695.534503375306,23811.805533891376,21210.220744247916,0.003336650552228093
6715.365975241919,23786.71736663831,21202.30153420675,0.005488881841301918
6713.166656284168,23795.467511014038,21242.315047814973,0.0034133505541831255
6694.459108803557,23784.628142863465,21210.905568858667,0.003475059987977147
6737.947532230925,23819.74611747421,21231.793681527266,0.00510580325499177
6716.512950968085,23827.6197682065,21209.937080473996,0.00528571754693985
6710.0305137219375,23789.98140704802,21199.166939979874,0.004413196817040443
6723.325259494165,23832.804643447835,21222.191864049048,0.0022683516144752502
6700.198308473782,23780.23395319769,21208.983998678745,0.005330372601747513
6735.353576880295,23787.35979568596,21218.442378018044,0.0021218559704720974
6743.113817351819,23795.712455319586,21233.073686151278,0.0044524832628667355
6712.253603010415,23815.886409365085,21206.8241462678,0.001955484738573432
6713.8362661871415,23817.52289761812,21244.33404516939,0.004679698962718248
6724.025847339681,23811.719757699717,21220.477018973976,0.0031991107389330864
6723.04364327824,23810.141980565917,21221.630456089122,0.0022541293874382973
6722.986162112993,23811.61266488454,21220.932436222673,0.0021169395186007023
6722.439409290521,23811.73853134765,21221.77554540919,0.0045141056180000305
6724.007365400902,23809.512676450715,21220.73673342224,0.0026931054890155792
6722.958628759238,23810.148478447507,21220.54947618665,0.0026999597903341055
6724.038511934079,23810.925796721618,21220.583743259394,0.0016080288914963603
6722.780889452303,23811.041469837215,21222.38043494615,0.0020330187398940325
6724.093894730252,23810.086182552917,21220.029744335952,0.002914160955697298
6723.804466666143,23809.844442668713,21221.448182126052,0.0017387560801580548
6723.199465465748,23810.05785825869,21219.943348939825,0.0022057725582271814
6722.008116810243,23808.79284029784,21221.589917293393,0.001569039886817336
6721.555130632983,23809.842599869495,21219.398711650352,0.0021574399434030056
6722.03802615419,23811.59075931144,21222.957658817646,0.002157182665541768
6722.225950068948,23811.375382036662,21223.615640464697,0.0009011660586111248
6722.978507225026,23810.310290125708,21221.93318012686,0.0026706678327172995
6721.303183553724,23811.31123533518,21220.095324096077,0.002943353494629264
6721.019514727028,23812.607896182482,21220.074517546618,0.001780552789568901
6722.444242115406,23810.693892703464,21218.987921439602,0.003038519062101841
6722.283212828034,23811.53788386993,21222.68986734334,0.002000404754653573
6722.629996106608,23811.533126373455,21220.659388355536,0.0016311522340402007
6723.487171314725,23812.269809989764,21223.306209859118,0.0026655260007828474
6724.884353358287,23810.226743757565,21220.384908099535,0.0020619300194084644
6723.058787593385,23812.15400406486,21219.996831012326,0.001630486105568707
6723.043784635962,23808.40499104161,21223.44637016402,0.0027135920245200396
6721.942241060109,23808.771615656515,21222.814328518583,0.0016823509940877557
6723.877954058162,23812.62693163115,21219.912367245848,0.0018322448013350368
6723.547943336859,23810.666666462257,21223.45014339269,0.001847284147515893
6719.9924714959525,23810.259037270083,21221.180731758126,0.002308569150045514
6725.545328099513,23811.248300497038,21222.078752368427,0.0023331071715801954
6720.088383060597,23812.37119884111,21219.43548645456,0.003365409793332219
6722.432326982816,23810.718898467632,21220.34151072776,0.002369943540543318
6725.447624962284,23812.536080655016,21225.016194173382,0.0016947545809671283
6724.336500519259,23808.719834738222,21225.784664037685,0.0009897621348500252
6724.670250108117,23810.433069038198,21217.752748233554,0.0018126947106793523
6719.326990041075,23808.76964720654,21222.102488921897,0.00191853241994977
6722.279054280146,23810.71988201327,21221.01783130309,0.0016530606662854552
6722.989410481073,23808.70379259577,21223.78729344512,0.0017439762596040964
6724.56938898284,23811.29366987774,21219.320079698402,0.0016136219492182136
6724.008713832264,23812.830857348694,21221.190909923927,0.0024670164566487074
6722.607647383626,23810.144833855218,21220.7058933004,0.0014862335519865155
6724.931248013958,23810.268285255304,21218.938082441968,0.00237732520326972
6722.042766187676,23812.194138479907,21224.140647950215,0.0016837338916957378
6725.152676787276,23811.36924008311,21225.004574594688,0.0017536693485453725
6720.63485496319,23811.59335815784,21224.45981015236,0.002760576317086816
6726.548955414602,23805.9863146532,21220.354744842654,0.0025059289764612913
6723.2051114155765,23811.872468616435,21222.150090429397,0.0027565150521695614
6726.319283023195,23813.76026452236,21220.946908313683,0.001273804111406207
6724.792520840652,23808.67946135418,21226.029749505844,0.002395249204710126
6722.309643369206,23809.68685271351,21219.111604110472,0.0011158364359289408
6717.595740139706,23812.814394847315,21217.427748853424,0.0021629072725772858
6722.080018217137,23813.92855802421,21220.358164752844,0.0016332196537405252
6719.766550303297,23813.862920852418,21218.681695638254,0.0022473507560789585
6726.787332647535,23807.410513136874,21217.65913491138,0.002119871089234948
6724.270706051374,23809.414840929483,21220.390803071863,0.001617175294086337
6725.666042272609,23810.069226992848,21222.779937874468,0.0015456399414688349
6725.836477543123,23817.289354455053,21226.478198363893,0.00134284608066082
6717.879154324582,23805.53675257591,21217.566085607024,0.002515492495149374
6723.229570888497,23811.031487043972,21223.845580769343,0.0011817577760666609
6718.125034167574,23811.80167916016,21217.916869354034,0.002095823874697089
6725.834044870792,23805.050511017485,21217.610311983386,0.00217935792170465
6729.788791879113,23815.186560346683,21225.13868966477,0.0019948838744312525
6725.507276703947,23813.411603654833,21216.491173361064,0.00208439864218235
6729.135356090706,23812.027771108857,21212.64417856707,0.0019475511508062482
6725.84709526429,23813.14876603022,21216.81394367796,0.003422291250899434
6728.854196900043,23813.06225500878,21218.937510234155,0.0017037668731063604
6725.398867402896,23817.60866863794,21218.333650836274,0.0026202944573014975
6725.530751831872,23805.341023521785,21222.646000874596,0.001271141110919416
6725.490805845307,23812.859983210074,21221.164734899627,0.0010424512438476086
6716.8998817371385,23814.939288871068,21217.390043262803,0.0017022831598296762
6722.600557531953,23811.906657501335,21219.648995043324,0.0029433153104037046
6735.440253653845,23809.72277580433,21217.476936750198,0.0020227523054927588
6733.3272461460165,23810.23285337367,21222.736802887368,0.0014629277866333723
6734.332781804077,23804.88290856613,21219.414389296195,0.003025700803846121
6726.746513320189,23822.17502501661,21221.30548228172,0.0024713200982660055
6718.484531737682,23809.409515386567,21223.1565307256,0.0026714433915913105
6732.282544425274,23806.00906013305,21210.330527439153,0.0031126525718718767
6718.050464646747,23815.50482089698,21223.4626054215,0.0014800804201513529
6719.498754606712,23804.29908289483,21215.737467674273,0.0024709594435989857
6736.452888016398,23818.419804639205,21224.503599390035,0.001681012101471424
6726.101328926322,23823.50087419188,21208.52195781346,0.0027230638079345226
6727.482224512226,23807.690600862836,21215.57445057156,0.0028694828506559134
6712.0530118107645,23811.080108621427,21220.49547756199,0.0022644842974841595
6736.474350445003,23809.665834002884,21209.163245585263,0.001816088566556573
6709.702109393026,23789.509095995523,21207.527561857543,0.002759681548923254
6707.175119217215,23817.722039846318,21241.371903643074,0.001281795441173017
6735.811315610818,23788.32283248351,21213.442043667663,0.0034321839921176434
6723.084014998717,23810.920460516754,21221.179191329422,0.006064112763851881
